{"fitted": true, "classes": [{"x": [0.0202, 0.1251, 0.1253, 0.1858, 0.1859, 0.2066, 0.2075, 0.2808, 0.2813, 0.2946, 0.2947, 0.3083, 0.3086, 0.3422, 0.3423, 0.3537, 0.3539, 0.372, 0.3721, 0.3802, 0.3805, 0.3898, 0.39, 0.4351, 0.4352, 0.4428, 0.4429, 0.4759, 0.476, 0.5008, 0.5009, 0.5113, 0.5114, 0.5559, 0.556, 0.5749, 0.5751, 0.5797, 0.5799, 0.6287, 0.6288, 0.631, 0.6311, 0.6444, 0.6445, 0.6636, 0.6637, 0.6771, 0.6772, 0.6778, 0.6779, 0.6835, 0.6836, 0.7092, 0.7093, 0.7491, 0.7492, 0.7575, 0.7576, 0.7788, 0.7789, 0.7973, 0.7974, 0.8003, 0.8004, 0.8024, 0.8025, 0.8149, 0.815, 0.8278, 0.8279, 0.8346, 0.8347, 0.8745, 0.8746, 0.8747, 0.8748, 0.8997, 0.9, 0.91, 0.9101, 0.9319, 0.9322, 0.9475, 0.9478, 0.9672, 0.9675, 0.9782, 0.979, 0.9984], "y": [0.0, 0.0, 0.07368421052631578, 0.07368421052631578, 0.125, 0.125, 0.14242424242424243, 0.14242424242424243, 0.14634146341463414, 0.14634146341463414, 0.1511627906976744, 0.1511627906976744, 0.15254237288135594, 0.15254237288135594, 0.1568627450980392, 0.1568627450980392, 0.2, 0.2, 0.21518987341772153, 0.21518987341772153, 0.2347826086956522, 0.2347826086956522, 0.24675324675324684, 0.24675324675324684, 0.3140495867768595, 0.3140495867768595, 0.31541218637992835, 0.31541218637992835, 0.32967032967032966, 0.32967032967032966, 0.35, 0.35, 0.4079065588499551, 0.4079065588499551, 0.41603053435114506, 0.41603053435114506, 0.424, 0.424, 0.44393939393939397, 0.44393939393939397, 0.46296296296296297, 0.46296296296296297, 0.5112994350282486, 0.5112994350282486, 0.5256124721603563, 0.5256124721603563, 0.5393258426966292, 0.5393258426966292, 0.5555555555555556, 0.5555555555555556, 0.5766871165644171, 0.5766871165644171, 0.5802098950524738, 0.5802098950524738, 0.6252699784017278, 0.6252699784017278, 0.6347305389221557, 0.6347305389221557, 0.6379310344827587, 0.6379310344827587, 0.655688622754491, 0.655688622754491, 0.6610169491525424, 0.6610169491525424, 0.6956521739130435, 0.6956521739130435, 0.704301075268817, 0.704301075268817, 0.7098445595854922, 0.7098445595854922, 0.728, 0.728, 0.7291242362525459, 0.7291242362525459, 0.75, 0.75, 0.758893280632411, 0.758893280632411, 0.7906976744186046, 0.7906976744186046, 0.8177083333333334, 0.8177083333333334, 0.8369565217391305, 0.8369565217391305, 0.9090909090909091, 0.9090909090909091, 0.9230769230769231, 0.9230769230769231, 1.0, 1.0]}, {"x": [0.0014, 0.0189, 0.0193, 0.0257, 0.0258, 0.0352, 0.0357, 0.0613, 0.0614, 0.0623, 0.0624, 0.0834, 0.0835, 0.1051, 0.1052, 0.1093, 0.1094, 0.132, 0.1321, 0.1638, 0.1639, 0.1745, 0.1746, 0.2019, 0.202, 0.2029, 0.203, 0.2363, 0.2364, 0.2422, 0.2423, 0.2678, 0.2679, 0.2692, 0.2693, 0.2813, 0.2814, 0.2817, 0.2819, 0.3148, 0.319], "y": [0.0, 0.0, 0.045454545454545456, 0.045454545454545456, 0.0821917808219178, 0.0821917808219178, 0.09059233449477352, 0.09059233449477352, 0.10526315789473684, 0.10526315789473684, 0.16991643454038996, 0.16991643454038996, 0.1893491124260355, 0.1893491124260355, 0.19008264462809918, 0.19008264462809918, 0.19626168224299065, 0.19626168224299065, 0.2023298589822195, 0.2023298589822195, 0.2232746955345061, 0.2232746955345061, 0.22787610619469026, 0.22787610619469026, 0.2479338842975207, 0.2479338842975207, 0.26342423390497605, 0.26342423390497605, 0.27234042553191484, 0.27234042553191484, 0.2823741007194245, 0.2823741007194245, 0.3, 0.3, 0.3310344827586207, 0.3310344827586207, 0.3333333333333333, 0.3333333333333333, 0.3387096774193548, 0.3387096774193548, 1.0]}, {"x": [0.0002, 0.0046, 0.0048, 0.0144, 0.0145, 0.019, 0.0191, 0.0214, 0.0215, 0.0378, 0.0379, 0.0391, 0.0393, 0.0423, 0.0425, 0.0666, 0.0667, 0.0813, 0.0814, 0.083, 0.0831, 0.0951, 0.0952, 0.1067, 0.1068, 0.1097, 0.1098, 0.11, 0.1101, 0.1235, 0.1236, 0.148, 0.1481, 0.15, 0.1501, 0.1638, 0.1639, 0.1692, 0.1693, 0.1723, 0.1724, 0.1773, 0.1774, 0.1801, 0.1802, 0.2062, 0.2063, 0.2266, 0.2267, 0.2598, 0.2599, 0.2637, 0.2638, 0.3122, 0.3123, 0.3125, 0.3128, 0.3172, 0.3173, 0.3279, 0.3282, 0.3602, 0.3603, 0.3655, 0.3657, 0.4028, 0.4029, 0.4106, 0.4107, 0.4189, 0.419, 0.4994, 0.4998, 0.5495, 0.5499, 0.5999, 0.6, 0.6399, 0.6414, 0.6444, 0.6481, 0.6525, 0.6562, 0.6651, 0.6652, 0.723, 0.7231, 0.7297, 0.7307, 0.8159, 0.8227, 0.9411], "y": [0.0, 0.0, 0.02097902097902098, 0.02097902097902098, 0.0379746835443038, 0.0379746835443038, 0.05660377358490566, 0.05660377358490566, 0.06233062330623306, 0.06233062330623306, 0.06896551724137931, 0.06896551724137931, 0.08333333333333333, 0.08333333333333333, 0.08970976253298153, 0.08970976253298153, 0.09429824561403509, 0.09429824561403509, 0.0958904109589041, 0.0958904109589041, 0.14314115308151096, 0.14314115308151096, 0.14988814317673377, 0.14988814317673377, 0.16393442622950818, 0.16393442622950818, 0.17647058823529413, 0.17647058823529413, 0.1794425087108014, 0.1794425087108014, 0.1903827281648675, 0.1903827281648675, 0.2, 0.2, 0.21527777777777776, 0.21527777777777776, 0.22330097087378642, 0.22330097087378642, 0.25, 0.25, 0.2568306010928962, 0.2568306010928962, 0.2616822429906542, 0.2616822429906542, 0.29457364341085274, 0.29457364341085274, 0.3067400275103163, 0.3067400275103163, 0.3467583497053045, 0.3467583497053045, 0.39215686274509803, 0.39215686274509803, 0.39815668202764976, 0.39815668202764976, 0.4, 0.4, 0.4027777777777778, 0.4027777777777778, 0.4444444444444444, 0.4444444444444444, 0.48552338530066813, 0.48552338530066813, 0.4857142857142857, 0.4857142857142857, 0.5232273838630807, 0.5232273838630807, 0.5333333333333333, 0.5333333333333333, 0.6153846153846154, 0.6153846153846154, 0.6263498920086393, 0.6263498920086393, 0.6264367816091954, 0.6264367816091954, 0.6742424242424242, 0.6742424242424242, 0.7241379310344828, 0.7241379310344828, 0.75, 0.75, 0.8333333333333334, 0.8333333333333334, 0.85, 0.85, 0.851063829787234, 0.851063829787234, 0.8888888888888888, 0.8888888888888888, 0.918918918918919, 0.918918918918919, 1.0, 1.0]}]}