{"fitted": true, "classes": [{"x": [0.2175, 0.2922, 0.2939, 0.3106, 0.3124, 0.3672, 0.3678, 0.372, 0.3724, 0.4413, 0.4414, 0.4421, 0.4425, 0.4689, 0.469, 0.4745, 0.4748, 0.5064, 0.5065, 0.5537, 0.554, 0.5637, 0.564, 0.5648, 0.5649, 0.5822, 0.5823, 0.5853, 0.5854, 0.6468, 0.6471, 0.6473, 0.6475, 0.6601, 0.6602, 0.6735, 0.6736, 0.7135, 0.7136, 0.7648, 0.767, 0.7719, 0.774, 0.8085, 0.8422, 0.8487], "y": [0.0, 0.0, 0.1, 0.1, 0.11320754716981132, 0.11320754716981132, 0.14285714285714285, 0.14285714285714285, 0.23529411764705882, 0.23529411764705882, 0.25, 0.25, 0.25862068965517243, 0.25862068965517243, 0.2857142857142857, 0.2857142857142857, 0.30097087378640774, 0.30097087378640774, 0.3891625615763547, 0.3891625615763547, 0.40860215053763443, 0.40860215053763443, 0.42857142857142855, 0.42857142857142855, 0.44805194805194803, 0.44805194805194803, 0.45454545454545453, 0.45454545454545453, 0.4966442953020134, 0.4966442953020134, 0.5, 0.5, 0.5616438356164384, 0.5616438356164384, 0.5757575757575758, 0.5757575757575758, 0.6571428571428571, 0.6571428571428571, 0.7520661157024794, 0.7520661157024794, 0.8, 0.8, 0.875, 0.875, 1.0, 1.0]}, {"x": [0.0961, 0.1218, 0.1225, 0.1416, 0.143, 0.168, 0.1681, 0.1853, 0.1855, 0.1915, 0.1916, 0.1951, 0.1952, 0.2153, 0.2154, 0.2311, 0.2312, 0.242, 0.2422, 0.2505, 0.2507, 0.3118], "y": [0.0, 0.0, 0.14814814814814814, 0.14814814814814814, 0.1958041958041958, 0.1958041958041958, 0.20175438596491227, 0.20175438596491227, 0.20202020202020202, 0.20202020202020202, 0.23809523809523808, 0.23809523809523808, 0.2573770491803279, 0.2573770491803279, 0.2708333333333333, 0.2708333333333333, 0.2734693877551021, 0.2734693877551021, 0.27835051546391754, 0.27835051546391754, 0.2857142857142857, 0.2857142857142857]}, {"x": [0.0552, 0.1084, 0.1086, 0.1137, 0.1139, 0.1329, 0.133, 0.14, 0.1402, 0.1479, 0.1481, 0.1562, 0.1564, 0.1736, 0.1737, 0.2025, 0.2027, 0.215, 0.2152, 0.2539, 0.2542, 0.2758, 0.276, 0.2788, 0.279, 0.2859, 0.286, 0.307, 0.3075, 0.3577, 0.358, 0.3965, 0.3977, 0.4848, 0.4895, 0.5677], "y": [0.0, 0.0, 0.03125, 0.03125, 0.1323529411764706, 0.1323529411764706, 0.13793103448275862, 0.13793103448275862, 0.2, 0.2, 0.22807017543859648, 0.22807017543859648, 0.23952095808383228, 0.23952095808383228, 0.2467948717948718, 0.2467948717948718, 0.2535211267605634, 0.2535211267605634, 0.29836829836829837, 0.29836829836829837, 0.36936936936936937, 0.36936936936936937, 0.4, 0.4, 0.4423076923076923, 0.4423076923076923, 0.44776119402985076, 0.44776119402985076, 0.5333333333333333, 0.5333333333333333, 0.5974025974025974, 0.5974025974025974, 0.6190476190476191, 0.6190476190476191, 1.0, 1.0]}]}