{"fitted": true, "classes": [{"x": [0.0007, 0.0268, 0.027, 0.0748, 0.0749, 0.0906, 0.0917, 0.0968, 0.0971, 0.1083, 0.1087, 0.116, 0.1163, 0.172, 0.1722, 0.2351, 0.2353, 0.2831, 0.2835, 0.3102, 0.3104, 0.3166, 0.3167, 0.3255, 0.3256, 0.3661, 0.3664, 0.3681, 0.3684, 0.3764, 0.3766, 0.3773, 0.3777, 0.4045, 0.4046, 0.4393, 0.4394, 0.4642, 0.4647, 0.5219, 0.522, 0.5647, 0.5648, 0.643, 0.6432, 0.646, 0.6461, 0.6579, 0.658, 0.6583, 0.6584, 0.6698, 0.6699, 0.6794, 0.6795, 0.7219, 0.722, 0.7236, 0.7237, 0.7977, 0.7978, 0.8034, 0.8035, 0.8138, 0.8139, 0.8279, 0.8281, 0.8454, 0.8455, 0.8898, 0.8899, 0.9195, 0.9196, 0.926, 0.9261, 0.9269, 0.927, 0.9671, 0.9672, 0.9695, 0.9697, 0.9877, 0.9879, 0.991, 0.9917, 0.9993], "y": [0.0, 0.0, 0.045454545454545456, 0.045454545454545456, 0.06666666666666667, 0.06666666666666667, 0.1, 0.1, 0.125, 0.125, 0.13333333333333333, 0.13333333333333333, 0.1488095238095238, 0.1488095238095238, 0.156794425087108, 0.156794425087108, 0.1678832116788321, 0.1678832116788321, 0.1683673469387755, 0.1683673469387755, 0.21666666666666665, 0.21666666666666665, 0.2222222222222222, 0.2222222222222222, 0.23645320197044334, 0.23645320197044334, 0.25, 0.25, 0.2823529411764706, 0.2823529411764706, 0.2857142857142857, 0.2857142857142857, 0.3089171974522293, 0.3089171974522293, 0.3249427917620138, 0.3249427917620138, 0.33239436619718316, 0.33239436619718316, 0.36992316136114156, 0.36992316136114156, 0.39400428265524623, 0.39400428265524623, 0.4362214199759326, 0.4362214199759326, 0.45901639344262296, 0.45901639344262296, 0.47600000000000003, 0.47600000000000003, 0.5, 0.5, 0.5018587360594794, 0.5018587360594794, 0.5074626865671642, 0.5074626865671642, 0.5699481865284974, 0.5699481865284974, 0.6, 0.6, 0.6011644832605532, 0.6011644832605532, 0.6019417475728155, 0.6019417475728155, 0.6285714285714286, 0.6285714285714286, 0.6383763837638377, 0.6383763837638377, 0.6884735202492211, 0.6884735202492211, 0.69645390070922, 0.69645390070922, 0.7321867321867321, 0.7321867321867321, 0.7619047619047619, 0.7619047619047619, 0.7692307692307693, 0.7692307692307693, 0.8094059405940595, 0.8094059405940595, 0.8181818181818182, 0.8181818181818182, 0.8294117647058824, 0.8294117647058824, 0.8846153846153846, 0.8846153846153846, 1.0, 1.0]}, {"x": [0.0007, 0.0065, 0.0072, 0.0082, 0.0083, 0.0477, 0.0478, 0.0496, 0.0497, 0.0565, 0.0566, 0.0613, 0.0615, 0.0656, 0.0657, 0.073, 0.0732, 0.0856, 0.0857, 0.102, 0.1021, 0.1319, 0.132, 0.1653, 0.1654, 0.187, 0.1871, 0.2218, 0.2219, 0.236, 0.2361, 0.2541, 0.2542, 0.2756, 0.2758, 0.2769, 0.277, 0.3686, 0.4542, 0.455], "y": [0.0, 0.0, 0.09090909090909091, 0.09090909090909091, 0.10774410774410774, 0.10774410774410774, 0.15384615384615385, 0.15384615384615385, 0.16030534351145037, 0.16030534351145037, 0.1717171717171717, 0.1717171717171717, 0.18269230769230768, 0.18269230769230768, 0.18627450980392157, 0.18627450980392157, 0.1919191919191919, 0.1919191919191919, 0.20038167938931298, 0.20038167938931298, 0.20701454234388367, 0.20701454234388367, 0.2155457552370452, 0.2155457552370452, 0.23679628554846197, 0.23679628554846197, 0.2591842638125542, 0.2591842638125542, 0.26988636363636365, 0.26988636363636365, 0.2878560719640181, 0.2878560719640181, 0.3133047210300429, 0.3133047210300429, 0.3333333333333333, 0.3333333333333333, 0.38, 0.38, 0.5, 0.5]}, {"x": [0.0, 0.0024, 0.0025, 0.0048, 0.0049, 0.0067, 0.0068, 0.0112, 0.0113, 0.0255, 0.0256, 0.0357, 0.0358, 0.065, 0.0651, 0.0716, 0.0717, 0.0766, 0.0767, 0.1161, 0.1162, 0.1277, 0.1278, 0.1369, 0.137, 0.1475, 0.1476, 0.1579, 0.158, 0.1671, 0.1672, 0.1673, 0.2009, 0.201, 0.2311, 0.2312, 0.236, 0.2361, 0.2601, 0.2602, 0.3169, 0.317, 0.3646, 0.3648, 0.3649, 0.365, 0.3722, 0.3723, 0.41, 0.4101, 0.4213, 0.4215, 0.489, 0.4895, 0.5006, 0.5007, 0.5188, 0.519, 0.6342, 0.6351, 0.6376, 0.6377, 0.7227, 0.7231, 0.7384, 0.7393, 0.7434, 0.7438, 0.775, 0.7753, 0.9011, 0.9024, 0.9105, 0.9118, 0.9952], "y": [0.0, 0.0, 0.04395604395604396, 0.04395604395604396, 0.05454545454545454, 0.05454545454545454, 0.055944055944055944, 0.055944055944055944, 0.07598039215686274, 0.07598039215686274, 0.09198813056379822, 0.09198813056379822, 0.10341555977229601, 0.10341555977229601, 0.13405797101449277, 0.13405797101449277, 0.15083798882681565, 0.15083798882681565, 0.1781132075471698, 0.1781132075471698, 0.19630484988452657, 0.19630484988452657, 0.20125786163522014, 0.20125786163522014, 0.20253164556962025, 0.20253164556962025, 0.22085889570552147, 0.22085889570552147, 0.23564954682779457, 0.23564954682779457, 0.25, 0.2780952380952382, 0.2780952380952382, 0.32036613272311215, 0.32036613272311215, 0.34265734265734266, 0.34265734265734266, 0.36319218241042345, 0.36319218241042345, 0.37142857142857144, 0.37142857142857144, 0.390279823269514, 0.390279823269514, 0.4, 0.4, 0.4583333333333333, 0.4583333333333333, 0.45864661654135336, 0.45864661654135336, 0.4956521739130435, 0.4956521739130435, 0.5039370078740156, 0.5039370078740156, 0.5416666666666666, 0.5416666666666666, 0.5853658536585366, 0.5853658536585366, 0.6294642857142857, 0.6294642857142857, 0.6666666666666666, 0.6666666666666666, 0.6704545454545454, 0.6704545454545454, 0.7272727272727273, 0.7272727272727273, 0.75, 0.75, 0.7777777777777778, 0.7777777777777778, 0.7920792079207921, 0.7920792079207921, 0.8333333333333334, 0.8333333333333334, 1.0, 1.0]}]}