{"fitted": true, "classes": [{"x": [0.0217, 0.1368, 0.1374, 0.1547, 0.1551, 0.164, 0.1643, 0.2029, 0.2032, 0.2829, 0.2831, 0.3074, 0.3075, 0.3146, 0.3147, 0.3261, 0.3262, 0.3296, 0.3297, 0.3649, 0.3654, 0.3664, 0.3665, 0.3846, 0.3847, 0.3892, 0.3893, 0.4326, 0.4328, 0.4785, 0.4786, 0.4976, 0.4977, 0.5218, 0.5219, 0.5225, 0.5226, 0.5306, 0.5307, 0.5433, 0.5434, 0.583, 0.5831, 0.5961, 0.5962, 0.6059, 0.606, 0.6271, 0.6272, 0.6511, 0.6512, 0.6664, 0.6665, 0.6935, 0.6936, 0.698, 0.6981, 0.7039, 0.704, 0.7517, 0.7518, 0.78, 0.7801, 0.8082, 0.8083, 0.8588, 0.8589, 0.866, 0.8661, 0.9117, 0.9123, 0.9301, 0.9302, 0.9393, 0.9398, 0.9573, 0.9576, 0.965, 0.9655, 0.9763, 0.9764, 0.9977], "y": [0.0, 0.0, 0.05555555555555555, 0.05555555555555555, 0.08333333333333333, 0.08333333333333333, 0.09230769230769231, 0.09230769230769231, 0.12658227848101267, 0.12658227848101267, 0.14285714285714285, 0.14285714285714285, 0.15384615384615385, 0.15384615384615385, 0.15789473684210525, 0.15789473684210525, 0.16, 0.16, 0.16161616161616163, 0.16161616161616163, 0.2, 0.2, 0.20909090909090908, 0.20909090909090908, 0.22950819672131148, 0.22950819672131148, 0.2600671140939597, 0.2600671140939597, 0.3009708737864078, 0.3009708737864078, 0.34332425068119893, 0.34332425068119893, 0.3865546218487395, 0.3865546218487395, 0.391304347826087, 0.391304347826087, 0.41013824884792627, 0.41013824884792627, 0.41847826086956524, 0.41847826086956524, 0.4221635883905013, 0.4221635883905013, 0.4506329113924051, 0.4506329113924051, 0.4607142857142857, 0.4607142857142857, 0.47877758913412566, 0.47877758913412566, 0.4992826398852223, 0.4992826398852223, 0.5711060948081265, 0.5711060948081265, 0.6005361930294906, 0.6005361930294906, 0.6101694915254238, 0.6101694915254238, 0.610738255033557, 0.610738255033557, 0.6242263483642794, 0.6242263483642794, 0.6572504708097928, 0.6572504708097928, 0.7215496368038741, 0.7215496368038741, 0.737785016286645, 0.737785016286645, 0.7741935483870968, 0.7741935483870968, 0.782967032967033, 0.782967032967033, 0.8061224489795918, 0.8061224489795918, 0.8387096774193549, 0.8387096774193549, 0.8831168831168831, 0.8831168831168831, 0.9130434782608695, 0.9130434782608695, 0.9642857142857143, 0.9642857142857143, 1.0, 1.0]}, {"x": [0.002, 0.0182, 0.0183, 0.0309, 0.0311, 0.0446, 0.0449, 0.0718, 0.0719, 0.0749, 0.075, 0.091, 0.0911, 0.121, 0.1211, 0.175, 0.1751, 0.179, 0.1791, 0.2125, 0.2126, 0.2483, 0.2484, 0.2485, 0.2732, 0.2733, 0.2755, 0.2756, 0.2758, 0.2759, 0.2782, 0.2783, 0.3161, 0.3209], "y": [0.0, 0.0, 0.0196078431372549, 0.0196078431372549, 0.08235294117647059, 0.08235294117647059, 0.10330578512396695, 0.10330578512396695, 0.16, 0.16, 0.16796875, 0.16796875, 0.17236024844720496, 0.17236024844720496, 0.20166402535657688, 0.20166402535657688, 0.20408163265306123, 0.20408163265306123, 0.23059285948247626, 0.23059285948247626, 0.26476683937823836, 0.26476683937823836, 0.2727272727272727, 0.28030303030303033, 0.28030303030303033, 0.3055555555555556, 0.3055555555555556, 0.3333333333333333, 0.3333333333333333, 0.34782608695652173, 0.34782608695652173, 0.39285714285714285, 0.39285714285714285, 1.0]}, {"x": [0.0003, 0.0085, 0.0086, 0.0151, 0.0152, 0.0257, 0.0258, 0.0462, 0.0463, 0.0905, 0.0906, 0.1059, 0.106, 0.1086, 0.1087, 0.1323, 0.1324, 0.1536, 0.1537, 0.1574, 0.1575, 0.1707, 0.1708, 0.1713, 0.1714, 0.1755, 0.1756, 0.1953, 0.1954, 0.1979, 0.198, 0.1995, 0.1996, 0.2203, 0.2204, 0.2254, 0.2255, 0.2318, 0.2319, 0.2452, 0.2453, 0.26, 0.2601, 0.2603, 0.2604, 0.2802, 0.2803, 0.3255, 0.3256, 0.3272, 0.3273, 0.3462, 0.3463, 0.3959, 0.3961, 0.4273, 0.4276, 0.4743, 0.4744, 0.4864, 0.4865, 0.5337, 0.5338, 0.5794, 0.5816, 0.6025, 0.6026, 0.6492, 0.6498, 0.7068, 0.712, 0.7265, 0.7268, 0.7853, 0.7873, 0.9371], "y": [0.0, 0.0, 0.02564102564102564, 0.02564102564102564, 0.05405405405405406, 0.05405405405405406, 0.06716417910447761, 0.06716417910447761, 0.08792965627498002, 0.08792965627498002, 0.13112164296998421, 0.13112164296998421, 0.13131313131313133, 0.13131313131313133, 0.16731898238747553, 0.16731898238747553, 0.2016210739614995, 0.2016210739614995, 0.20958083832335328, 0.20958083832335328, 0.22053872053872053, 0.22053872053872053, 0.2631578947368421, 0.2631578947368421, 0.26436781609195403, 0.26436781609195403, 0.2647727272727273, 0.2647727272727273, 0.3, 0.3, 0.3076923076923077, 0.3076923076923077, 0.3152302243211334, 0.3152302243211334, 0.329608938547486, 0.329608938547486, 0.3318777292576419, 0.3318777292576419, 0.3354564755838641, 0.3354564755838641, 0.37074148296593185, 0.37074148296593185, 0.375, 0.375, 0.3841698841698842, 0.3841698841698842, 0.3876651982378855, 0.3876651982378855, 0.40540540540540543, 0.40540540540540543, 0.483974358974359, 0.483974358974359, 0.5351170568561872, 0.5351170568561872, 0.5849056603773585, 0.5849056603773585, 0.6175298804780877, 0.6175298804780877, 0.6379310344827587, 0.6379310344827587, 0.6392405063291139, 0.6392405063291139, 0.7129629629629629, 0.7129629629629629, 0.7297297297297297, 0.7297297297297297, 0.8043478260869565, 0.8043478260869565, 0.8305084745762712, 0.8305084745762712, 0.9, 0.9, 0.9166666666666666, 0.9166666666666666, 1.0, 1.0]}]}