{"fitted": true, "classes": [{"x": [0.1964, 0.291, 0.2947, 0.3176, 0.318, 0.374, 0.3742, 0.4242, 0.4243, 0.4671, 0.4672, 0.4682, 0.4687, 0.503, 0.5032, 0.5076, 0.5077, 0.545, 0.5453, 0.5458, 0.5461, 0.5489, 0.549, 0.559, 0.5591, 0.5759, 0.5766, 0.5802, 0.5803, 0.6299, 0.6305, 0.6354, 0.6359, 0.6619, 0.6621, 0.665, 0.6651, 0.6783, 0.6784, 0.708, 0.7081, 0.7565, 0.7605, 0.7839, 0.7841, 0.8247], "y": [0.0, 0.0, 0.06666666666666667, 0.06666666666666667, 0.09615384615384616, 0.09615384615384616, 0.23622047244094488, 0.23622047244094488, 0.24479166666666666, 0.24479166666666666, 0.25, 0.25, 0.2987012987012987, 0.2987012987012987, 0.3333333333333333, 0.3333333333333333, 0.38328530259365995, 0.38328530259365995, 0.4, 0.4, 0.42424242424242425, 0.42424242424242425, 0.4387755102040816, 0.4387755102040816, 0.4573170731707317, 0.4573170731707317, 0.4857142857142857, 0.4857142857142857, 0.49999999999999994, 0.49999999999999994, 0.5172413793103449, 0.5172413793103449, 0.5555555555555556, 0.5555555555555556, 0.6428571428571429, 0.6428571428571429, 0.6557377049180327, 0.6557377049180327, 0.6940298507462687, 0.6940298507462687, 0.7831325301204819, 0.7831325301204819, 0.8823529411764706, 0.8823529411764706, 1.0, 1.0]}, {"x": [0.1121, 0.1329, 0.1334, 0.1459, 0.1461, 0.1496, 0.1508, 0.1627, 0.1629, 0.2, 0.2002, 0.2039, 0.2041, 0.2066, 0.2067, 0.2225, 0.2226, 0.2465, 0.2466, 0.3131], "y": [0.0, 0.0, 0.125, 0.125, 0.14285714285714285, 0.14285714285714285, 0.15384615384615385, 0.15384615384615385, 0.2079646017699115, 0.2079646017699115, 0.22340425531914893, 0.22340425531914893, 0.2564102564102564, 0.2564102564102564, 0.25891181988742956, 0.25891181988742956, 0.27151515151515154, 0.27151515151515154, 0.2824858757062147, 0.2824858757062147]}, {"x": [0.0632, 0.1137, 0.1138, 0.1183, 0.1185, 0.1377, 0.1379, 0.1417, 0.1418, 0.1432, 0.1436, 0.1464, 0.1465, 0.1597, 0.1598, 0.1801, 0.1803, 0.2138, 0.2139, 0.2183, 0.2186, 0.2519, 0.252, 0.2526, 0.2527, 0.273, 0.2734, 0.2806, 0.2807, 0.2977, 0.2978, 0.3092, 0.3093, 0.3467, 0.3469, 0.3501, 0.3503, 0.3749, 0.3752, 0.3886, 0.3888, 0.4739, 0.4834, 0.5755], "y": [0.0, 0.0, 0.037037037037037035, 0.037037037037037035, 0.1111111111111111, 0.1111111111111111, 0.125, 0.125, 0.15384615384615385, 0.15384615384615385, 0.1875, 0.1875, 0.20202020202020202, 0.20202020202020202, 0.24154589371980675, 0.24154589371980675, 0.24611398963730569, 0.24611398963730569, 0.25757575757575757, 0.25757575757575757, 0.30597014925373134, 0.30597014925373134, 0.3333333333333333, 0.3333333333333333, 0.3691588785046729, 0.3691588785046729, 0.4423076923076923, 0.4423076923076923, 0.46218487394957986, 0.46218487394957986, 0.5, 0.5, 0.5231788079470198, 0.5231788079470198, 0.5384615384615384, 0.5384615384615384, 0.574074074074074, 0.574074074074074, 0.6086956521739131, 0.6086956521739131, 0.6779661016949152, 0.6779661016949152, 1.0, 1.0]}]}