{"type": "dixon_coles", "base": 0.3191878903180439, "home_adv": 0.26014883398513505, "rho": -0.06230602286878772, "attack": {"n_afghanistan": -0.8070798366779137, "n_albania": -0.31061101468951985, "n_algeria": 0.684447219260473, "n_andorra": -1.086642856799037, "n_angola": 0.027700901081333815, "n_anguilla": -0.6838779032971096, "n_argentina": 0.8158062323066915, "n_armenia": -0.2775209375361818, "n_aruba": -0.1326569295322366, "n_australia": 0.4384555079402928, "n_austria": 0.45391839518582305, "n_azerbaijan": -0.34859391468630524, "n_bahrain": -0.08899257614782183, "n_bangladesh": -0.473229443024739, "n_barbados": -0.19706199760400495, "n_belarus": 0.16235130831095823, "n_belgium": 0.722258086186483, "n_belize": -0.20133376571787995, "n_benin": -0.07310020361202743, "n_bermuda": 0.011554351188456116, "n_bolivia": -0.14529958555499484, "n_bonaire": -0.540266026683482, "n_bosnia_and_herzegovina": 0.04355790002061978, "n_botswana": -0.4109969868835855, "n_brazil": 0.8719504239126753, "n_british_virgin_islands": -0.37763704032234036, "n_brunei": -0.6268080154931285, "n_bulgaria": -0.06184558697755968, "n_burkina_faso": 0.3823550160638583, "n_burundi": -0.2762336958642771, "n_cambodia": -0.02518899007323014, "n_cameroon": 0.12113166857246509, "n_canada": 0.21246484117556613, "n_cape_verde": 0.09157882724718457, "n_cayman_islands": -0.6323816503461038, "n_central_african_republic": -0.12455472197519804, "n_chad": -0.4655952758902654, "n_chile": 0.45484815780421956, "n_china": -0.11549822564773854, "n_colombia": 0.7427434031594314, "n_comoros": -0.05278050283528345, "n_costa_rica": 0.29609236603417116, "n_croatia": 0.5060367741756673, "n_cuba": -0.40656465615583814, "n_curacao": 0.1741043437329836, "n_cyprus": -0.16297640691037887, "n_czech_republic": 0.38095845505863535, "n_denmark": 0.5197492807692023, "n_dominica": -0.5941818771315707, "n_dominican_republic": 0.13529091039937446, "n_dr_congo": 0.08076768523066029, "n_ecuador": 0.20359242412973322, "n_egypt": 0.2698076811979012, "n_el_salvador": -0.547137628195166, "n_england": 0.600760898837859, "n_equatorial_guinea": -0.3546369314835996, "n_estonia": -0.29957089562914424, "n_eswatini": -0.3063437980786729, "n_ethiopia": -0.16910101030321562, "n_faroe_islands": -0.3851906207827426, "n_fiji": -0.27409941431466744, "n_finland": -0.027530756180701527, "n_france": 0.7951953203586603, "n_gabon": 0.2906527521734899, "n_gambia": 0.35942098771372655, "n_georgia": 0.24542788103958862, "n_germany": 0.9659073449557942, "n_ghana": 0.10866420628626254, "n_gibraltar": -0.46248836889305606, "n_greece": 0.24901418715449464, "n_grenada": -0.34289817272898593, "n_guatemala": 0.011808750102260318, "n_guinea": 0.05958315025372092, "n_guinea_bissau": -0.4733014611363267, "n_guyana": 0.16566806161249853, "n_haiti": 0.3058304166039594, "n_honduras": -0.00621152419115667, "n_hong_kong": -0.0672350657369448, "n_hungary": 0.11520728666471562, "n_iceland": 0.19271510236386608, "n_india": -0.5546636051995382, "n_indonesia": 0.04699587514135371, "n_iran": 0.5988986246914828, "n_iraq": 0.01976508067836763, "n_israel": 0.32505755578428625, "n_italy": 0.4646646180441591, "n_ivory_coast": 0.47027988938990634, "n_jamaica": -0.17561321812758018, "n_japan": 0.707141179916799, "n_jordan": 0.3458789384395157, "n_kazakhstan": -0.27054648845058454, "n_kenya": -0.08306992845954973, "n_kosovo": 0.2431839562909111, "n_kuwait": 0.09378021331696502, "n_kyrgyzstan": -0.23708439078771337, "n_laos": -0.3952592973298428, "n_latvia": -0.6181634299684172, "n_lebanon": 0.03979372505259342, "n_lesotho": -0.4554195842392788, "n_liberia": -0.1708175092402098, "n_libya": -0.06306848788882358, "n_liechtenstein": -1.1557755215554408, "n_lithuania": -0.605426691226461, "n_luxembourg": -0.6127138466599846, "n_madagascar": 0.24423433850022447, "n_malawi": -0.4128819241098182, "n_malaysia": 0.0712888595323566, "n_maldives": -0.6745334652078586, "n_mali": 0.10667271793826318, "n_malta": -0.3461912847545012, "n_mauritania": -0.40680982812460403, "n_mauritius": -0.5172217709129204, "n_mexico": 0.4464020602557733, "n_moldova": -0.39554530593892345, "n_montenegro": -0.0977664453455658, "n_morocco": 0.48964628392392556, "n_mozambique": -0.09338596246019502, "n_myanmar": -0.12715509606560244, "n_namibia": -0.5018207432915622, "n_nepal": -0.6632423075146178, "n_netherlands": 0.8064191863718564, "n_new_zealand": 0.29072560587573565, "n_nicaragua": -0.32320679602033114, "n_niger": 0.08291555507477132, "n_nigeria": 0.5401592617548566, "n_north_macedonia": -0.29602017770877687, "n_northern_ireland": -0.009810419374496851, "n_norway": 0.6516859970682612, "n_oman": -0.2152517153277019, "n_pakistan": -0.4451673458292069, "n_palestine": -0.40536288142830074, "n_panama": 0.31170969113800545, "n_paraguay": 0.256963876258763, "n_peru": 0.022113811933612712, "n_philippines": 0.18761981661224358, "n_poland": 0.22658118718517123, "n_portugal": 0.759337008940163, "n_puerto_rico": 0.027223737562290545, "n_qatar": 0.01575404917794611, "n_republic_of_ireland": 0.06828824928910553, "n_romania": 0.06929044732668647, "n_russia": 0.4276654215936215, "n_rwanda": -0.3292591623554089, "n_saint_kitts_and_nevis": -0.16912919239564073, "n_saint_lucia": -0.48763452299738014, "n_saint_martin": -0.20387551622009548, "n_saint_vincent_and_the_grenadines": 0.012696547936698221, "n_san_marino": -0.925066391080097, "n_saudi_arabia": 0.1014890185621677, "n_scotland": 0.3364672519805206, "n_senegal": 0.623240768613244, "n_serbia": 0.1332472945948635, "n_sierra_leone": -0.14866195250859857, "n_singapore": -0.0606558091571353, "n_slovakia": 0.09961842244309509, "n_slovenia": -0.06566848008281904, "n_solomon_islands": -0.17428640524334998, "n_south_africa": -0.03193836120801779, "n_south_korea": 0.4954081593039476, "n_south_sudan": -0.5194138446311005, "n_spain": 0.8541956742847681, "n_sri_lanka": -0.7615210790286286, "n_sudan": -0.4635436338784901, "n_suriname": -0.04330042568731298, "n_sweden": 0.7685119286948655, "n_switzerland": 0.5498550645083166, "n_syria": 0.11329791920947381, "n_taiwan": -0.15513165491304665, "n_tajikistan": 0.0764950256725523, "n_tanzania": -0.2547214233186662, "n_thailand": 0.16148473965131083, "n_togo": 0.0841467582889389, "n_trinidad_and_tobago": -0.11939004171579726, "n_tunisia": 0.14877940025264003, "n_turkey": 0.4557900140051652, "n_uganda": -0.09336910532014775, "n_ukraine": 0.36481083205302145, "n_united_arab_emirates": 0.1759552354808428, "n_united_states": 0.5920230915007353, "n_uruguay": 0.21892888828928614, "n_uzbekistan": 0.17623223299221602, "n_vanuatu": -0.23609714278020727, "n_venezuela": 0.25112897742013246, "n_vietnam": 0.09718849363052619, "n_wales": 0.059539364572059814, "n_yemen": 0.4365376708528658, "n_zambia": -0.028561101074808193, "n_zimbabwe": -0.09910711525069621}, "defence": {"n_afghanistan": 0.3437798907570916, "n_albania": -0.2883505828469391, "n_algeria": -0.6941273781988135, "n_andorra": 0.2693790954925541, "n_angola": -0.23582473393250009, "n_anguilla": 0.9828967450668744, "n_argentina": -0.9790811662175254, "n_armenia": 0.46433637562723706, "n_aruba": 0.4662948615449777, "n_australia": -0.6782169511086342, "n_austria": -0.5722380609120405, "n_azerbaijan": 0.3234258652971452, "n_bahrain": -0.0018786537511594203, "n_bangladesh": 0.35281665317998373, "n_barbados": 0.7076099949348778, "n_belarus": 0.11064131169044183, "n_belgium": -0.5425539512443807, "n_belize": 0.47039252682801014, "n_benin": 0.10578305874498836, "n_bermuda": 0.6596412116892558, "n_bolivia": 0.05302241547828268, "n_bonaire": 0.7196636882606016, "n_bosnia_and_herzegovina": -0.18299499000143626, "n_botswana": 0.1772032240309053, "n_brazil": -0.5468462592236454, "n_british_virgin_islands": 0.5814370308965386, "n_brunei": 0.7589401021828622, "n_bulgaria": 0.22339785158998987, "n_burkina_faso": -0.10979115145352725, "n_burundi": 0.17967606833792626, "n_cambodia": 0.21013027517687907, "n_cameroon": -0.43535790276550973, "n_canada": -0.5284830061453623, "n_cape_verde": -0.12426116970813417,