{"type": "dixon_coles", "base": 0.5523109113863697, "home_adv": 0.23009959248901693, "rho": -0.06954774178598738, "attack": {"n_afghanistan": -1.7169531959076176, "n_albania": -0.18170692309987418, "n_algeria": 0.6654259594013148, "n_andorra": -1.2481960727962553, "n_angola": 0.09723650822549856, "n_anguilla": -1.3102850257624654, "n_argentina": 1.0399521734378738, "n_armenia": -0.13529425894471186, "n_aruba": -0.3790774247904324, "n_australia": 0.6141010787034769, "n_austria": 0.6655357437287952, "n_azerbaijan": -0.30267652489705005, "n_bahrain": -0.14034512931672327, "n_bangladesh": -0.7889975919960743, "n_barbados": -0.5007526921326123, "n_belarus": 0.273512747744021, "n_belgium": 0.9201577236434435, "n_belize": -0.6003347151639836, "n_benin": 0.0779322492906458, "n_bermuda": -0.13294874975436938, "n_bolivia": 0.08550150335969708, "n_bonaire": -0.962067577479101, "n_bosnia_and_herzegovina": 0.19228145373708083, "n_botswana": -0.48648328950705777, "n_brazil": 1.1693969658080008, "n_british_virgin_islands": -0.6763534639918534, "n_bulgaria": 0.10848910456330929, "n_burkina_faso": 0.3686792862546283, "n_burundi": -0.36536734361939316, "n_cambodia": -0.37314802177194817, "n_cameroon": 0.1982073682469515, "n_canada": 0.4892768873444606, "n_cape_verde": 0.17528071133057643, "n_cayman_islands": -1.0905566510644578, "n_central_african_republic": -0.10379158664928456, "n_chad": -0.5539152567542579, "n_chile": 0.6922016575431196, "n_china": -0.16193296017084025, "n_colombia": 1.0402158389487275, "n_comoros": -0.06505368512610726, "n_costa_rica": 0.3193375737210348, "n_croatia": 0.7481997372892846, "n_cuba": -0.670778174321822, "n_curacao": 0.05951475731210054, "n_cyprus": -0.03661316534505843, "n_czech_republic": 0.5836476556266856, "n_denmark": 0.8197064365240854, "n_dominica": -1.0256115187291457, "n_dominican_republic": -0.03311991126135705, "n_dr_congo": 0.19752690278715046, "n_ecuador": 0.5219508768257428, "n_egypt": 0.3292074662025034, "n_el_salvador": -0.7256138300374431, "n_england": 0.8629837139811118, "n_equatorial_guinea": -0.39377347308256144, "n_estonia": -0.20262432080392934, "n_eswatini": -0.39591272105747466, "n_ethiopia": -0.20164740330619824, "n_faroe_islands": -0.32783846165879355, "n_fiji": -0.7582610915767591, "n_finland": 0.13827253732018718, "n_france": 1.03117286036593, "n_gabon": 0.2786477302104218, "n_gambia": 0.38204013559384464, "n_georgia": 0.45603660867794904, "n_germany": 1.0827197444193657, "n_ghana": 0.23462157778762505, "n_gibraltar": -0.6297649623612916, "n_greece": 0.5290039915285933, "n_grenada": -0.5579482737697402, "n_guatemala": -0.0037519819416163003, "n_guinea": 0.06602757974201956, "n_guinea_bissau": -0.5981255489484819, "n_guyana": -0.08143378078705726, "n_haiti": 0.4380510881539631, "n_honduras": -0.013050198519573009, "n_hong_kong": -0.3468244150388493, "n_hungary": 0.3760630704651531, "n_iceland": 0.45526619997406226, "n_india": -0.8645388982640143, "n_indonesia": -0.030721885002692795, "n_iran": 0.5354141321601853, "n_iraq": 0.10991837882201472, "n_israel": 0.5906560097387983, "n_italy": 0.7301820873287375, "n_ivory_coast": 0.4811474000524161, "n_jamaica": -0.18838839935234336, "n_japan": 0.8396618078994589, "n_jordan": 0.40326697047078774, "n_kazakhstan": -0.1701058565819909, "n_kenya": -0.13687309006129195, "n_kosovo": 0.45062460366540213, "n_kuwait": 0.06400239043321765, "n_kyrgyzstan": -0.3413576926801587, "n_latvia": -0.5336291423828318, "n_lebanon": -0.18984630895006155, "n_lesotho": -0.43821042313664316, "n_liberia": -0.19563757448361702, "n_libya": -0.044216884513420984, "n_liechtenstein": -1.8316222418302244, "n_lithuania": -0.5466042366206922, "n_luxembourg": -0.5513734969427474, "n_madagascar": 0.228306846586118, "n_malawi": -0.46187566038358585, "n_malaysia": -0.0981447262431232, "n_maldives": -1.26797736625953, "n_mali": 0.1986491345893513, "n_malta": -0.33071463351145924, "n_mauritania": -0.4132282006857527, "n_mauritius": -0.8334284302819994, "n_mexico": 0.6559697425232434, "n_moldova": -0.31343491614554364, "n_montenegro": 0.04318106184302695, "n_morocco": 0.6169116089857272, "n_mozambique": -0.07199393809147703, "n_myanmar": -0.36926601204826404, "n_namibia": -0.5525552782713008, "n_nepal": -1.086732382247597, "n_netherlands": 1.0289422193458904, "n_new_zealand": 0.2483554517024934, "n_nicaragua": -0.5087984187732096, "n_niger": 0.05651437172587492, "n_nigeria": 0.6926714129514862, "n_north_macedonia": -0.08944275268658991, "n_northern_ireland": 0.1672755819997077, "n_norway": 0.9861934174143929, "n_oman": -0.24985640070313958, "n_pakistan": -0.7930948245981362, "n_palestine": -0.4350160019974729, "n_panama": 0.33682981577092763, "n_paraguay": 0.5312449752296398, "n_peru": 0.15759808737316072, "n_philippines": -0.09588163830456609, "n_poland": 0.4992963920008804, "n_portugal": 1.0030249498813322, "n_puerto_rico": -0.24711541189117325, "n_qatar": 0.043083921795196156, "n_republic_of_ireland": 0.23512517979199088, "n_romania": 0.2940555112635147, "n_russia": 0.5406874774091062, "n_rwanda": -0.2790129717002562, "n_saint_kitts_and_nevis": -0.5253715382478936, "n_saint_lucia": -0.7771696801076793, "n_saint_vincent_and_the_grenadines": -0.2456664678972612, "n_san_marino": -1.0582402468231216, "n_saudi_arabia": 0.1840986514311368, "n_scotland": 0.6483553190986466, "n_senegal": 0.7509703023931456, "n_serbia": 0.32476820170566933, "n_sierra_leone": -0.22983556534971544, "n_singapore": -0.3336638592486718, "n_slovakia": 0.3133370979994996, "n_slovenia": 0.11597450861161684, "n_solomon_islands": -0.6168255410381325, "n_south_africa": 0.1367105179750011, "n_south_korea": 0.6225285423354572, "n_south_sudan": -0.9274723351049816, "n_spain": 1.1730821078808737, "n_sri_lanka": -1.2671380553392684, "n_sudan": -0.43159088953029595, "n_suriname": -0.16613747926780026, "n_sweden": 0.7483345306271465, "n_switzerland": 0.9156521680789149, "n_syria": 0.039925569797822025, "n_tajikistan": -0.15282316389062967, "n_tanzania": -0.37688468097767125, "n_thailand": 0.05217621849587872, "n_togo": 0.09928855598315378, "n_trinidad_and_tobago": -0.1086275122642294, "n_tunisia": 0.27002030635195673, "n_turkey": 0.8123094840914407, "n_uganda": -0.14259965211508951, "n_ukraine": 0.6105546370957067, "n_united_arab_emirates": 0.17906144604273366, "n_united_states": 0.6820628573915055, "n_uruguay": 0.45457255787763395, "n_uzbekistan": 0.1513325493545613, "n_vanuatu": -0.7138328972311823, "n_venezuela": 0.5543961870728806, "n_vietnam": -0.03710370598297086, "n_wales": 0.31978734900608174, "n_yemen": 0.28613240012350327, "n_zambia": -0.0023813035403076332, "n_zimbabwe": -0.04461417056903716}, "defence": {"n_afghanistan": 0.7092129580626366, "n_albania": -0.48780359918928773, "n_algeria": -0.7494656808098428, "n_andorra": 0.23058579094336173, "n_angola": -0.29365086377791694, "n_anguilla": 1.4941744309160512, "n_argentina": -1.5750444519082711, "n_armenia": 0.4021171245309799, "n_aruba": 0.8004615601804981, "n_australia": -0.7242367861262993, "n_austria": -0.7713543091511004, "n_azerbaijan": 0.2718098637960876, "n_bahrain": 0.0525687749774697, "n_bangladesh": 0.7662002391294149, "n_barbados": 1.1531432888894204, "n_belarus": 0.04592535876107595, "n_belgium": -0.6908670888022221, "n_belize": 0.8499007931419417, "n_benin": 0.057615393961589545, "n_bermuda": 0.9529891662311432, "n_bolivia": -0.05725095609372488, "n_bonaire": 1.10314900194649, "n_bosnia_and_herzegovina": -0.199467094365545, "n_botswana": 0.21412811292208211, "n_brazil": -0.7063710971846824, "n_british_virgin_islands": 1.0096004943317314, "n_bulgaria": 0.1379060169641002, "n_burkina_faso": -0.08216194943603594, "n_burundi": 0.20238901747105797, "n_cambodia": 0.6124699283419885, "n_cameroon": -0.5544372887183515, "n_canada": -0.7386274862995337, "n_cape_verde": -0.11772094596996396, "n_cayman_islands": 1.0407114671389464, "n_central_african_republic": 0.5225422622159369, "n_chad": 0.49110475980771495, "n_chile": -0.3555532515284312, "n_china": -0.04516022057481295,