{"type": "dixon_coles", "base": 0.3313199385913192, "home_adv": 0.2736970819315217, "rho": -0.050331109365202804, "attack": {"n_afghanistan": -0.7864948632036732, "n_albania": -0.35254219357051986, "n_algeria": 0.636046544073646, "n_andorra": -1.066671798131761, "n_angola": -0.01663074074857694, "n_anguilla": -0.6630339289363736, "n_argentina": 0.7569577551072815, "n_armenia": -0.3310749681919654, "n_aruba": -0.05760210558344585, "n_australia": 0.44888707758070273, "n_austria": 0.3915407966160996, "n_azerbaijan": -0.36799193216424375, "n_bahrain": -0.05560472026378993, "n_bangladesh": -0.4397581970754611, "n_barbados": -0.12138300900132828, "n_belarus": 0.054428204824361726, "n_belgium": 0.6465567368045371, "n_belize": -0.1792837438498134, "n_benin": -0.059244778978515884, "n_bermuda": 0.03279741939183145, "n_bolivia": -0.11301726464265364, "n_bonaire": -0.45427126376553173, "n_bosnia_and_herzegovina": -0.04959000747924669, "n_botswana": -0.42468062722076, "n_brazil": 0.8125920083471945, "n_british_virgin_islands": -0.32511028795169683, "n_bulgaria": -0.06000453777582964, "n_burkina_faso": 0.36097348874819557, "n_burundi": -0.27273834366961597, "n_cambodia": -0.017481213324426884, "n_cameroon": 0.08920851432144267, "n_canada": 0.30665853313871194, "n_cape_verde": 0.07577184042194418, "n_cayman_islands": -0.6246883622771633, "n_central_african_republic": -0.11892398248282147, "n_chad": -0.48665100605053213, "n_chile": 0.35585647286759664, "n_china": -0.09541969344678652, "n_colombia": 0.7107878627038184, "n_comoros": -0.09351894308058199, "n_costa_rica": 0.32876533240734146, "n_croatia": 0.4216216826979163, "n_cuba": -0.3406501465806069, "n_curacao": 0.16395446226851523, "n_cyprus": -0.23759346858411748, "n_czech_republic": 0.3160159165041391, "n_denmark": 0.467118663741463, "n_dominica": -0.5250367113074051, "n_dominican_republic": 0.1657521368932886, "n_dr_congo": 0.08342793176492705, "n_ecuador": 0.23581909555406255, "n_egypt": 0.2298350929713689, "n_el_salvador": -0.4736636345678721, "n_england": 0.5340119769495892, "n_equatorial_guinea": -0.2999393975771244, "n_estonia": -0.3806635964162962, "n_eswatini": -0.31050069353925036, "n_ethiopia": -0.18254933793190864, "n_faroe_islands": -0.44028642758186604, "n_fiji": -0.2539873384601747, "n_finland": -0.1111919948944732, "n_france": 0.6506344268957278, "n_gabon": 0.2699274037496357, "n_gambia": 0.3916575515599076, "n_georgia": 0.18150394627254152, "n_germany": 0.7030189793501991, "n_ghana": 0.09363510100864392, "n_gibraltar": -0.5529551054617798, "n_greece": 0.2064359657991378, "n_grenada": -0.29270277864664074, "n_guatemala": 0.05338072909289557, "n_guinea": 0.06949608895531936, "n_guinea_bissau": -0.4519654386149311, "n_guyana": 0.1980191076154436, "n_haiti": 0.46846858390517704, "n_honduras": 0.015989112291110774, "n_hong_kong": -0.005760941409008208, "n_hungary": 0.05486043232266302, "n_iceland": 0.16112081560696362, "n_india": -0.5804286984527363, "n_indonesia": 0.09219831959112432, "n_iran": 0.5524125770354869, "n_iraq": 0.052283483605017916, "n_israel": 0.2783176516987778, "n_italy": 0.39230164028040576, "n_ivory_coast": 0.40265297598095634, "n_jamaica": -0.10063374476369139, "n_japan": 0.6719088632246559, "n_jordan": 0.38503380680193056, "n_kazakhstan": -0.30982660929661376, "n_kenya": -0.06845718353294483, "n_kosovo": 0.16405386637318886, "n_kuwait": 0.04838913266230821, "n_kyrgyzstan": -0.16248628185056702, "n_latvia": -0.6356191622400973, "n_lebanon": 0.10200616188707873, "n_lesotho": -0.4186607566589344, "n_liberia": -0.15835772764039172, "n_libya": -0.11658272636415429, "n_liechtenstein": -1.1509028605415517, "n_lithuania": -0.6414417352632316, "n_luxembourg": -0.6443604306439785, "n_madagascar": 0.1834450610644573, "n_malawi": -0.36962853857576067, "n_malaysia": 0.16972426805558483, "n_maldives": -0.6698987307403657, "n_mali": 0.10033542688676614, "n_malta": -0.4571857172752933, "n_mauritania": -0.4242073636622554, "n_mauritius": -0.5055565694397981, "n_mexico": 0.41680151846691554, "n_moldova": -0.4573848252791976, "n_montenegro": -0.18228896466217837, "n_morocco": 0.5102803383216528, "n_mozambique": -0.07654885641434603, "n_myanmar": -0.0580093014366377, "n_namibia": -0.44673776960809825, "n_nepal": -0.5894079389811382, "n_netherlands": 0.6587069212635819, "n_new_zealand": 0.3203128704761861, "n_nicaragua": -0.2730669959217987, "n_niger": 0.04634605240445819, "n_nigeria": 0.5311085328556884, "n_north_macedonia": -0.2815726245176833, "n_northern_ireland": -0.09227729808370427, "n_norway": 0.6285592685953929, "n_oman": -0.1777457986328072, "n_pakistan": -0.41215864242511313, "n_palestine": -0.2775280050272597, "n_panama": 0.31522737409456636, "n_paraguay": 0.23573691529707835, "n_peru": -0.06020264820193499, "n_philippines": 0.21871177779061268, "n_poland": 0.1843930498243958, "n_portugal": 0.6680944031150742, "n_puerto_rico": 0.09003780050946239, "n_qatar": 0.035985100884989546, "n_republic_of_ireland": 0.001665422810206929, "n_romania": 0.0455639882923832, "n_russia": 0.4217922139422932, "n_rwanda": -0.3226511237021771, "n_saint_kitts_and_nevis": -0.16256984636604135, "n_saint_lucia": -0.42805433795289505, "n_saint_vincent_and_the_grenadines": 0.019022354539131786, "n_san_marino": -0.9414340903910456, "n_saudi_arabia": 0.09578906560796002, "n_scotland": 0.34632545065880593, "n_senegal": 0.588696652401933, "n_serbia": 0.038350527598871864, "n_sierra_leone": -0.13856895242645828, "n_singapore": -0.032072804784110245, "n_slovakia": 0.02379114779090946, "n_slovenia": -0.14871127763421987, "n_solomon_islands": -0.16411876778093176, "n_south_africa": 0.05821533170488527, "n_south_korea": 0.48029574613701903, "n_south_sudan": -0.5243566678118028, "n_spain": 0.8148884948261805, "n_sri_lanka": -0.6221035006097737, "n_sudan": -0.44466121346320614, "n_suriname": -0.02564197929446574, "n_sweden": 0.3973245582174552, "n_switzerland": 0.5561658610761346, "n_syria": 0.14732905578523134, "n_tajikistan": 0.08100839065420104, "n_tanzania": -0.2566054430640299, "n_thailand": 0.28311773483103325, "n_togo": -0.00010204813027488158, "n_trinidad_and_tobago": -0.04263031829786814, "n_tunisia": 0.1930031832235769, "n_turkey": 0.4763798951126769, "n_uganda": -0.07033233148485174, "n_ukraine": 0.2927901655493438, "n_united_arab_emirates": 0.1799813803208511, "n_united_states": 0.43132779595258824, "n_uruguay": 0.21948683959805604, "n_uzbekistan": 0.1678065248903181, "n_vanuatu": -0.22495190995107936, "n_venezuela": 0.25504240611547047, "n_vietnam": 0.1831750808507529, "n_wales": 0.06516423085297238, "n_yemen": 0.5592156684877063, "n_zambia": -0.0665666708294064, "n_zimbabwe": -0.11345680345261326}, "defence": {"n_afghanistan": 0.3195884340217128, "n_albania": -0.24000623144542582, "n_algeria": -0.5873143829522713, "n_andorra": 0.3207773484051418, "n_angola": -0.21585600167267166, "n_anguilla": 0.9514808069508003, "n_argentina": -0.9580586845127712, "n_armenia": 0.526180070867336, "n_aruba": 0.4162188959724167, "n_australia": -0.5386032581599449, "n_austria": -0.4578187158539114, "n_azerbaijan": 0.38345858337513244, "n_bahrain": -0.012043737722890024, "n_bangladesh": 0.3584181364045617, "n_barbados": 0.6915090279124188, "n_belarus": 0.15491663000146882, "n_belgium": -0.40896751774426926, "n_belize": 0.4628092674344022, "n_benin": 0.0775924672606236, "n_bermuda": 0.6698746304484497, "n_bolivia": 0.06959809157410093, "n_bonaire": 0.6451768689085469, "n_bosnia_and_herzegovina": -0.017178922353456305, "n_botswana": 0.18980293822869554, "n_brazil": -0.48030541425842715, "n_british_virgin_islands": 0.5245193302416445, "n_bulgaria": 0.2518447686158356, "n_burkina_faso": -0.10570066728878846, "n_burundi": 0.14861060461375686, "n_cambodia": 0.22006585501312598, "n_cameroon": -0.42990978531806995, "n_canada": -0.5318612828626494, "n_cape_verde": -0.10100932639799692, "n_cayman_islands": 0.6060327884922936, "n_central_african_republic": 0.4605335307108513, "n_chad": 0.4072140368977511, "n_chile": -0.18510039374052362,