{"type": "dixon_coles", "base": 0.189889193096484, "home_adv": 0.1924325906310592, "rho": -0.041317724502850046, "attack": {"c_alaves": -0.35111947519277165, "c_almeria": -0.22227633916349068, "c_angers": -0.27620968313534566, "c_arsenal": 0.35986099290536233, "c_aston_villa": 0.1601192349156006, "c_atalanta": 0.32817628539641397, "c_ath_bilbao": -0.19846181629661855, "c_ath_madrid": 0.09685334757478908, "c_augsburg": 0.030684554312418844, "c_auxerre": -0.016294280166940317, "c_barcelona": 0.417711416593482, "c_bayern_munich": 0.9406675196082476, "c_betis": -0.035050068642218934, "c_bochum": -0.11291340054057507, "c_bologna": 0.15404224438698305, "c_bournemouth": 0.10710184810475532, "c_brentford": 0.13956947661326297, "c_brest": 0.15291233050478303, "c_brighton": 0.11800063856463755, "c_burnley": -0.24620005570208275, "c_cadiz": -0.7350079417797415, "c_cagliari": -0.07874365464998648, "c_celta": -0.09889419903217667, "c_chelsea": 0.176781417391579, "c_clermont": -0.26036784065777274, "c_como": 0.31376185244824484, "c_cremonese": -0.3126800638891762, "c_crystal_palace": -0.07127706639560252, "c_dortmund": 0.5412993666820027, "c_ein_frankfurt": 0.36434167913331617, "c_elche": -0.22151176036089745, "c_empoli": -0.272172284378302, "c_espanol": -0.31235539102799675, "c_everton": -0.13173862215525595, "c_fc_koln": 0.0981457862762164, "c_fiorentina": 0.1239362838114611, "c_freiburg": 0.19364868498487986, "c_frosinone": -0.05968730120555918, "c_fulham": -0.004724372780692432, "c_genoa": -0.090745706328893, "c_getafe": -0.5631831865027803, "c_girona": -0.19960053666769675, "c_granada": -0.4210986761027375, "c_hamburg": 0.01892275285443587, "c_heidenheim": 0.028940057740730357, "c_hoffenheim": 0.35067827992847056, "c_holstein_kiel": 0.18970734550041723, "c_inter": 0.6210275785099524, "c_ipswich": -0.3459766292059304, "c_juventus": 0.25855652104781957, "c_las_palmas": -0.48547375445328167, "c_lazio": 0.10397944829066019, "c_le_havre": -0.11491594668841988, "c_lecce": -0.42277866211625836, "c_leeds": -0.009871514176890445, "c_leganes": -0.379760229083498, "c_leicester": -0.28589700442760824, "c_lens": 0.33942181528415416, "c_levante": -0.18339071250826766, "c_leverkusen": 0.5296491015879041, "c_lille": 0.23166375288922691, "c_liverpool": 0.3804366410878507, "c_lorient": 0.15258193774033135, "c_luton": 0.02065234515159975, "c_lyon": 0.3559338008323797, "c_m_gladbach": 0.16401133889894876, "c_mainz": 0.14240201498196398, "c_mallorca": -0.3547560796937858, "c_man_city": 0.44442676755126775, "c_man_united": 0.17558921643642095, "c_marseille": 0.44699595708081497, "c_metz": -0.16517116246160152, "c_milan": 0.2742043649783673, "c_monaco": 0.44399486442010117, "c_montpellier": -0.14559010487064644, "c_monza": -0.268983143254251, "c_nantes": -0.18885365411652316, "c_napoli": 0.2740475809635608, "c_newcastle": 0.2189860771942499, "c_nice": 0.12518919872003498, "c_nott_m_forest": 0.02384671617581438, "c_osasuna": -0.27134063055694446, "c_oviedo": -0.758363661163656, "c_paris_fc": 0.18867784984202568, "c_paris_sg": 0.6584705556623724, "c_parma": -0.2557491217268425, "c_pisa": -0.498139140637227, "c_rb_leipzig": 0.43208454683771635, "c_real_madrid": 0.2684628550447814, "c_reims": -0.13672134916460904, "c_rennes": 0.3683399974900624, "c_roma": 0.28152055324469794, "c_salernitana": -0.19118984681771825, "c_sassuolo": 0.04008007921243695, "c_sevilla": -0.2629479208173054, "c_sheffield_united": -0.21386012944660948, "c_sociedad": -0.14174064143097803, "c_southampton": -0.5062180374272007, "c_st_etienne": 0.017074753658827768, "c_st_pauli": -0.3537591973955131, "c_strasbourg": 0.29997625028261077, "c_stuttgart": 0.49691537760384064, "c_sunderland": -0.1430729694769016, "c_torino": -0.055333031177051906, "c_tottenham": 0.11968742386995462, "c_toulouse": 0.14659146118852368, "c_udinese": -0.02152727921241901, "c_union_berlin": -0.002246907206859855, "c_valencia": -0.2624456180923409, "c_valladolid": -0.7406604294451368, "c_vallecano": -0.3938001550528665, "c_venezia": -0.29429835046804464, "c_verona": -0.37188970141221533, "c_villarreal": 0.18267564283166166, "c_werder_bremen": 0.05517139205271632, "c_west_ham": -0.03181409466394683, "c_wolfsburg": 0.13984578698607808, "c_wolves": -0.27818442925956693}, "defence": {"c_alaves": 0.18915006415970798, "c_almeria": 0.5024652771295569, "c_angers": -0.06683472703166976, "c_arsenal": -0.5466791435951701, "c_aston_villa": -0.062104060315280096, "c_atalanta": -0.3256151323476995, "c_ath_bilbao": 0.06573560496175201, "c_ath_madrid": -0.0503703407398573, "c_augsburg": -0.04145846776459633, "c_auxerre": -0.17441127732020817, "c_barcelona": -0.12849757681295682, "c_bayern_munich": -0.3957134428894901, "c_betis": 0.11061242539963909, "c_bochum": 0.12518590411941144, "c_bologna": -0.1766688211906366, "c_bournemouth": -0.018618254530848866, "c_brentford": -0.005832362565525301, "c_brest": -0.034577971427163456, "c_brighton": -0.049802705579647166, "c_burnley": 0.2823629925251904, "c_cadiz": 0.19099531519136587, "c_cagliari": 0.03413953315512022, "c_celta": 0.17786814337127152, "c_chelsea": -0.06915456967076078, "c_clermont": 0.02319162009882944, "c_como": -0.37946409244916174, "c_cremonese": 0.08698260432198321, "c_crystal_palace": -0.048890417940411435, "c_dortmund": -0.3553797861661329, "c_ein_frankfurt": -0.04533492140013856, "c_elche": 0.2913844836163326, "c_empoli": 0.054204474877560666, "c_espanol": 0.23335301004199474, "c_everton": -0.10675327721166056, "c_fc_koln": 0.031047628218538154, "c_fiorentina": -0.1558408763570266, "c_freiburg": -0.07591390859007408, "c_frosinone": 0.23972465520944186, "c_fulham": -0.04071448759739538, "c_genoa": -0.10349195159074254, "c_getafe": -0.07374285032687344, "c_girona": 0.2231232565552118, "c_granada": 0.5588330649999971, "c_hamburg": -0.09765486554306568, "c_heidenheim": 0.098724832411241, "c_hoffenheim": 0.007466034585014353, "c_holstein_kiel": 0.27421366713338874, "c_inter": -0.437016174122324, "c_ipswich": 0.41242686449605503, "c_juventus": -0.44009091703053566, "c_las_palmas": 0.26615133124446944, "c_lazio": -0.2402121252376631, "c_le_havre": -0.06395686687951663, "c_lecce": -0.06237625656374762, "c_leeds": 0.06769486262040811, "c_leganes": 0.25881134242005766, "c_leicester": 0.316590928038738, "c_lens": -0.38447068315467076, "c_levante": 0.3423043204861142, "c_leverkusen": -0.3057376875170899, "c_lille": -0.40956736080302464, "c_liverpool": -0.12171393772140243, "c_lorient": -0.03845382240445833, "c_luton": 0.437887743371823, "c_lyon": -0.1916437401732674, "c_m_gladbach": -0.058087096762300894, "c_mainz": -0.18415595268501977, "c_mallorca": 0.1588796085488194, "c_man_city": -0.3872347865204537, "c_man_united": -0.059245300008935964, "c_marseille": -0.18138293160802577, "c_metz": 0.24981370525885166, "c_milan": -0.2895612410559288, "c_monaco": -0.10349129155735315, "c_montpellier": 0.17497167784621728, "c_monza": 0.14079767839680835, "c_nantes": -0.06157736666717889, "c_napoli": -0.42969726948657344, "c_newcastle": -0.023522196232096226, "c_nice": -0.13423134587255797, "c_nott_m_forest": -0.04549078888437946, "c_osasuna": 0.165798994014104, "c_oviedo": 0.2984720764102142, "c_paris_fc": -0.14217033858835104, "c_paris_sg": -0.48756624373040786, "c_parma": -0.11059440280963662, "c_pisa": 0.27798998708520267, "c_rb_leipzig": -0.23642639593902043, "c_real_madrid": -0.18723166756844695, "c_reims": -0.18321407246613997, "c_rennes": -0.11599435191296742, "c_roma": -0.4258651477462771, "c_salernitana": 0.31964215960151293, "c_sassuolo": 0.04684946620684152, "c_sevilla": 0.25325636397642404, "c_sheffield_united": 0.6209633279110192, "c_sociedad": 0.19575538152162042, "c_southampton": 0.4024301761074897, "c_st_etienne": 0.32443547197135164, "c_st_pauli": -0.12308604145266744, "c_strasbourg": -0.1394468360157522, "c_stuttgart": -0.16690299624208743, "c_sunderland": -0.12505359416161205, "c_torino": -0.04090730368188261, "c_tottenham": 0.10447652466740341, "c_toulouse": -0.1643232426724856,