{"type": "dixon_coles", "base": 0.2041821969359791, "home_adv": 0.19273487080750498, "rho": -0.04164080236236335, "attack": {"c_alaves": -0.18536494176799784, "c_almeria": -0.06468560173010648, "c_angers": -0.35659619551170363, "c_arsenal": 0.34807924138816815, "c_aston_villa": 0.1516730623078078, "c_atalanta": 0.27209706897831304, "c_ath_bilbao": -0.038791717524648606, "c_ath_madrid": 0.24442989331338882, "c_augsburg": -0.04026337042866459, "c_auxerre": -0.10892626484855578, "c_barcelona": 0.5678843857437971, "c_bayern_munich": 0.857360320186297, "c_betis": 0.11978880733210512, "c_bochum": -0.16577078164602607, "c_bologna": 0.10160806824373331, "c_bournemouth": 0.09897090111319257, "c_brentford": 0.13163698500081022, "c_brest": 0.052327854217028895, "c_brighton": 0.11096221153705926, "c_burnley": -0.23976471286388434, "c_cadiz": -0.45927377886355, "c_cagliari": -0.12429426075590669, "c_celta": 0.05724391326388236, "c_chelsea": 0.16788412774379205, "c_clermont": -0.27422807640812774, "c_como": 0.2522042258164062, "c_cremonese": -0.3291745293864888, "c_crystal_palace": -0.07153785329786695, "c_dortmund": 0.459946296595333, "c_ein_frankfurt": 0.28335735189120725, "c_elche": -0.06008230290961347, "c_empoli": -0.2821800668722016, "c_espanol": -0.14896542059676987, "c_everton": -0.12885288489058977, "c_fc_koln": 0.0250489770159791, "c_fiorentina": 0.07270215891354267, "c_freiburg": 0.1156486350847, "c_frosinone": -0.08590145327289192, "c_fulham": -0.0087414205807569, "c_genoa": -0.13546444642646774, "c_getafe": -0.38447918001629783, "c_girona": -0.04041979007724103, "c_granada": -0.2092538613172131, "c_hamburg": -0.0661334503839375, "c_heidenheim": -0.04630098261003294, "c_hoffenheim": 0.27062244264128166, "c_holstein_kiel": 0.09280316637090014, "c_inter": 0.5674613770938064, "c_ipswich": -0.2943803583359846, "c_juventus": 0.2046011871356133, "c_las_palmas": -0.29004858170272285, "c_lazio": 0.05339143641530624, "c_le_havre": -0.2035977328573026, "c_lecce": -0.4451597121797097, "c_leeds": -0.012302920320848877, "c_leganes": -0.1963313564288137, "c_leicester": -0.25461885668033096, "c_lens": 0.23505054566427097, "c_levante": -0.024231412900548515, "c_leverkusen": 0.44532602625111795, "c_lille": 0.1295650002397617, "c_liverpool": 0.3668333851316746, "c_lorient": 0.050688127064344606, "c_luton": 0.014997545103126335, "c_lyon": 0.2505830215342781, "c_m_gladbach": 0.08691305704687585, "c_mainz": 0.06632334604732246, "c_mallorca": -0.1882254063386621, "c_man_city": 0.4357325658764348, "c_man_united": 0.16688854703186223, "c_marseille": 0.3379090604862107, "c_metz": -0.2549424967999781, "c_milan": 0.21939519526847856, "c_monaco": 0.33468118674635505, "c_montpellier": -0.21772553586836127, "c_monza": -0.27959029981370814, "c_nantes": -0.270249880905919, "c_napoli": 0.21959549088164354, "c_newcastle": 0.209127506255174, "c_nice": 0.026431445010451436, "c_nott_m_forest": 0.018612512953467254, "c_osasuna": -0.10842348023998519, "c_oviedo": -0.54515520925903, "c_paris_fc": 0.08307015009884194, "c_paris_sg": 0.560927578555176, "c_parma": -0.29457717803173966, "c_pisa": -0.504807342936341, "c_rb_leipzig": 0.3480436668020651, "c_real_madrid": 0.4187909245456196, "c_reims": -0.2093495185242046, "c_rennes": 0.26254083798505506, "c_roma": 0.22669822124099748, "c_salernitana": -0.19428434646589643, "c_sassuolo": -0.007852512432735027, "c_sevilla": -0.10079460159808738, "c_sheffield_united": -0.26835065805156993, "c_sociedad": 0.01533898110082687, "c_southampton": -0.45639130714030457, "c_st_etienne": -0.07032852795750763, "c_st_pauli": -0.4184750878022632, "c_strasbourg": 0.19669505600758508, "c_stuttgart": 0.40967591112001217, "c_sunderland": -0.14273043603931942, "c_torino": -0.09818700673465457, "c_tottenham": 0.11292751411985633, "c_toulouse": 0.045805472572402715, "c_udinese": -0.06529107759577236, "c_union_berlin": -0.07247331297222559, "c_valencia": -0.10008143328807872, "c_valladolid": -0.48419944820773264, "c_vallecano": -0.22619411480351603, "c_venezia": -0.2938056345569857, "c_verona": -0.3946486454872179, "c_villarreal": 0.3263739026179225, "c_werder_bremen": -0.01839112897652972, "c_west_ham": -0.03346892559200669, "c_wolfsburg": 0.06410915955085436, "c_wolves": -0.2702722054393797}, "defence": {"c_alaves": 0.02219822625761881, "c_almeria": 0.2931608349239556, "c_angers": 0.024117317648649418, "c_arsenal": -0.515863858027822, "c_aston_villa": -0.05998082148848062, "c_atalanta": -0.27328424972718834, "c_ath_bilbao": -0.09569483572945976, "c_ath_madrid": -0.20688358950011682, "c_augsburg": 0.02941425002186878, "c_auxerre": -0.07674544427512349, "c_barcelona": -0.2819026019366234, "c_bayern_munich": -0.3109171780121039, "c_betis": -0.054374333088982346, "c_bochum": 0.1840969228452639, "c_bologna": -0.13022769485124092, "c_bournemouth": -0.018395214588010106, "c_brentford": -0.006353696711882115, "c_brest": 0.05438599940379997, "c_brighton": -0.048645173841705636, "c_burnley": 0.2752329795311105, "c_cadiz": 0.0343878837468556, "c_cagliari": 0.0728034453259847, "c_celta": 0.009778979976814477, "c_chelsea": -0.06672153790144834, "c_clermont": 0.09960120925206886, "c_como": -0.3173079962858371, "c_cremonese": 0.1223040067149796, "c_crystal_palace": -0.04661775740433216, "c_dortmund": -0.2721765901886907, "c_ein_frankfurt": 0.025885583331138287, "c_elche": 0.1204868937303298, "c_empoli": 0.08781725843776567, "c_espanol": 0.06464014364916003, "c_everton": -0.10201704546932565, "c_fc_koln": 0.09894616303653145, "c_fiorentina": -0.11068797427264888, "c_freiburg": -0.004397315108988359, "c_frosinone": 0.24025386562254686, "c_fulham": -0.03837397302850737, "c_genoa": -0.06006171884791299, "c_getafe": -0.22813907835060632, "c_girona": 0.05441977327483287, "c_granada": 0.3431173243851745, "c_hamburg": -0.019921362399132794, "c_heidenheim": 0.1671802757746108, "c_hoffenheim": 0.0768712001038642, "c_holstein_kiel": 0.3285768174632536, "c_inter": -0.37696557421093874, "c_ipswich": 0.38716982216121176, "c_juventus": -0.38008638296188696, "c_las_palmas": 0.09727532398076896, "c_lazio": -0.19049611629851132, "c_le_havre": 0.029587844122817494, "c_lecce": -0.020501370578728487, "c_leeds": 0.06461836754442328, "c_leganes": 0.0861736543628562, "c_leicester": 0.29322574625097464, "c_lens": -0.2798016924006106, "c_levante": 0.1701895313137472, "c_leverkusen": -0.22470544751092175, "c_lille": -0.30360859451382444, "c_liverpool": -0.11682134707040844, "c_lorient": 0.050838776249807725, "c_luton": 0.3917370478565087, "c_lyon": -0.09519054179321036, "c_m_gladbach": 0.012855427361022777, "c_mainz": -0.10900948719008648, "c_mallorca": -0.007230945086577387, "c_man_city": -0.3710340320157983, "c_man_united": -0.0571787788785075, "c_marseille": -0.08551954377734196, "c_metz": 0.33230565972196285, "c_milan": -0.23815005610712187, "c_monaco": -0.011355320996255747, "c_montpellier": 0.25164594962474574, "c_monza": 0.16979477118215794, "c_nantes": 0.029575286311125146, "c_napoli": -0.3706251212766739, "c_newcastle": -0.022810464699892813, "c_nice": -0.04062897714571351, "c_nott_m_forest": -0.0431640575754223, "c_osasuna": -0.0004100706603746493, "c_oviedo": 0.12849627465549943, "c_paris_fc": -0.03910448666900544, "c_paris_sg": -0.37478989777674504, "c_parma": -0.06302794421927897, "c_pisa": 0.30937663905294627, "c_rb_leipzig": -0.15926158660887763, "c_real_madrid": -0.336146351809073, "c_reims": -0.08778662798045166, "c_rennes": -0.023441083632562032, "c_roma": -0.3670822993052868, "c_salernitana": 0.32698906547777723, "c_sassuolo": 0.08318404626085177, "c_sevilla": 0.08374578085368642, "c_sheffield_united": 0.5599667193451537, "c_sociedad": 0.027229567850059325, "c_southampton": 0.37486816493196085, "c_st_etienne": 0.3921818730035188, "c_st_pauli": -0.04496144060300697, "c_strasbourg": -0.04684729483478414, "c_stuttgart": -0.09254655779649064, "c_sunderland": -0.1133139009833274, "c_torino": -0.0008120640173255311, "c_tottenham": 0.10085542769561934, "c_toulouse": -0.06715224096714235,